1,13500,13500,13500,13500,13500,13500,13500,13500,13500,13500,13500,13500,13500,13500,13500
2,13500,13500,13500,13500,13500,13500,13500,13500,13500,13500,13500,13500,13500,13500,13500
3,13500,13500,13500,13500,13500,13500,13500,13500,13500,13500,13500,13500,13500,13500,13500
4,13500,13500,13500,13500,13500,13500,13500,13500,13500,13500,13500,13500,13500,13500,13500
5,13500,13500,13500,13500,13500,13500,13500,13500,13500,13500,13500,13500,100,13500,13500
6,13500,13500,13500,13500,13500,13500,13500,13500,13500,13500,13500,13500,100,13500,13500
7,13500,13500,13500,13500,13500,13500,13500,13500,13500,13500,13500,13500,8,13500,13500
8,13500,13500,13500,13500,13500,13500,13500,13500,13500,13500,13500,13500,100,13500,13500
9,13500,13500,13500,13500,13500,13500,13500,13500,13500,13500,13500,13500,8,13500,13500
10,13500,13500,13500,13500,13500,13500,13500,13500,13500,13500,13500,13500,5,13500,13500
11,13500,13500,13500,13500,13500,13500,13500,13500,13500,13500,13500,13500,5,13500,13500
12,13500,13500,13500,13500,13500,13500,13500,13500,13500,13500,100,13500,5,13500,13500
13,13500,13500,13500,13500,13500,13500,13500,13500,100,13500,100,13500,5,13500,13500
14,13500,100,13500,13500,13500,13500,13500,13500,100,13500,8,13500,5,13500,13500
15,13500,100,13500,13500,13500,100,13500,13500,8,13500,100,13500,8,13500,13500
16,13500,8,13500,13500,13500,100,13500,13500,100,13500,8,13500,8,13500,13500
17,13500,100,13500,13500,13500,8,13500,13500,8,13500,5,13500,8,13500,13500
18,13500,8,13500,13500,13500,100,13500,13500,5,13500,5,13500,100,13500,13500
19,13500,5,13500,13500,13500,8,13500,13500,5,13500,5,13500,13500,13500,13500
20,13500,5,13500,13500,13500,5,13500,13500,5,13500,5,13500,13500,13500,13500
21,13500,5,13500,13500,13500,5,13500,13500,5,13500,5,13500,13500,13500,13500
22,13500,5,13500,13500,13500,5,13500,13500,5,13500,8,13500,13500,13500,13500
23,13500,5,13500,13500,13500,5,13500,13500,8,13500,8,13500,13500,13500,13500
24,13500,8,13500,13500,13500,5,13500,13500,8,13500,8,13500,13500,13500,13500
25,13500,8,13500,13500,13500,8,13500,13500,8,13500,100,13500,13500,13500,13500
26,13500,8,13500,13500,13500,8,13500,13500,100,13500,13500,13500,13500,13500,13500
27,13500,100,13500,13500,13500,8,13500,13500,13500,13500,13500,13500,13500,13500,13500
28,13500,13500,13500,100,13500,100,13500,13500,13500,13500,13500,13500,13500,13500,13500
29,13500,13500,13500,100,13500,13500,13500,13500,13500,13500,13500,13500,13500,13500,13500
30,13500,13500,13500,8,13500,13500,13500,13500,13500,13500,13500,13500,13500,13500,13500
31,13500,13500,13500,100,13500,13500,13500,13500,13500,13500,13500,13500,13500,13500,13500
32,13500,13500,13500,8,13500,13500,13500,13500,13500,13500,13500,13500,13500,13500,13500
33,13500,13500,13500,5,13500,13500,13500,13500,13500,13500,13500,13500,13500,13500,13500
34,13500,13500,13500,5,13500,13500,13500,13500,13500,13500,13500,13500,13500,13500,13500
35,13500,13500,13500,5,13500,13500,13500,13500,13500,13500,13500,13500,13500,13500,13500
36,13500,13500,13500,5,13500,13500,13500,13500,13500,13500,13500,13500,13500,13500,13500
37,13500,13500,13500,5,13500,13500,13500,13500,13500,13500,13500,13500,13500,13500,13500
38,13500,13500,13500,8,13500,13500,13500,13500,13500,13500,13500,13500,13500,13500,13500
39,13500,13500,13500,8,13500,13500,13500,13500,13500,13500,13500,13500,13500,13500,13500
40,13500,13500,13500,8,13500,13500,13500,13500,13500,13500,13500,13500,13500,13500,13500
41,13500,13500,13500,100,13500,13500,13500,13500,13500,13500,13500,13500,13500,13500,13500
42,13500,13500,13500,13500,13500,13500,13500,13500,13500,13500,13500,13500,13500,13500,13500
43,13500,13500,13500,13500,13500,13500,100,13500,13500,13500,13500,13500,13500,13500,13500
44,13500,13500,13500,13500,13500,13500,100,13500,13500,13500,13500,13500,13500,13500,13500
45,13500,13500,13500,13500,13500,13500,8,13500,13500,13500,13500,13500,13500,13500,13500
46,13500,13500,13500,13500,13500,13500,100,13500,13500,13500,13500,13500,13500,13500,13500
47,13500,13500,13500,13500,13500,13500,8,13500,13500,13500,13500,13500,13500,13500,13500
48,13500,13500,13500,13500,13500,13500,5,13500,13500,13500,13500,13500,13500,13500,13500
49,13500,13500,13500,13500,13500,13500,5,13500,13500,13500,13500,13500,13500,13500,13500
50,13500,13500,13500,13500,13500,13500,5,13500,13500,13500,13500,13500,13500,13500,13500
51,13500,13500,13500,13500,13500,13500,5,13500,13500,13500,13500,13500,13500,13500,13500
52,13500,13500,13500,13500,13500,13500,5,13500,13500,13500,13500,13500,13500,13500,13500
53,13500,13500,13500,13500,13500,13500,8,13500,13500,13500,13500,13500,13500,13500,13500
54,13500,13500,13500,13500,13500,13500,8,13500,13500,13500,13500,13500,13500,13500,13500
55,13500,13500,13500,13500,13500,13500,8,13500,13500,13500,13500,13500,13500,13500,13500
56,13500,13500,13500,13500,13500,13500,100,13500,13500,13500,13500,13500,13500,13500,13500
57,13500,13500,13500,13500,13500,13500,13500,13500,13500,13500,13500,13500,13500,13500,13500
58,13500,13500,13500,13500,13500,13500,13500,13500,13500,13500,13500,13500,13500,13500,13500
59,13500,13500,13500,100,13500,13500,13500,13500,13500,13500,13500,13500,13500,13500,13500
60,13500,13500,13500,100,13500,13500,13500,13500,13500,13500,13500,13500,13500,13500,13500
61,13500,13500,13500,8,13500,13500,13500,13500,13500,13500,13500,13500,13500,13500,13500
62,13500,13500,13500,100,13500,13500,13500,13500,13500,13500,13500,13500,13500,13500,13500
63,13500,13500,13500,8,13500,13500,13500,13500,13500,13500,13500,13500,13500,13500,13500
64,13500,13500,13500,5,13500,13500,13500,13500,13500,13500,13500,13500,13500,13500,13500
65,13500,13500,13500,5,13500,13500,13500,13500,13500,13500,13500,13500,13500,13500,13500
66,13500,13500,13500,5,13500,13500,13500,13500,13500,13500,13500,13500,100,13500,13500
67,13500,13500,13500,5,13500,13500,13500,13500,13500,13500,13500,13500,100,13500,13500
68,13500,13500,13500,5,13500,13500,13500,13500,13500,13500,13500,13500,8,13500,13500
69,13500,13500,13500,8,13500,13500,13500,13500,13500,13500,13500,13500,100,13500,13500
70,13500,13500,13500,8,13500,13500,13500,13500,13500,13500,13500,13500,8,13500,13500
71,13500,13500,13500,8,13500,13500,13500,13500,13500,13500,13500,13500,5,13500,13500
72,13500,13500,100,100,13500,13500,13500,13500,13500,13500,13500,13500,5,13500,13500
73,13500,13500,100,13500,13500,13500,13500,13500,13500,13500,13500,13500,5,13500,13500
74,13500,13500,8,13500,13500,13500,13500,13500,13500,13500,13500,13500,5,13500,13500
75,13500,13500,100,13500,13500,13500,13500,13500,13500,13500,13500,13500,5,13500,13500
76,13500,13500,8,13500,13500,13500,13500,13500,13500,13500,13500,13500,8,13500,13500
77,13500,13500,5,13500,13500,13500,13500,13500,13500,13500,13500,13500,8,13500,13500
78,13500,13500,5,13500,13500,13500,13500,13500,13500,13500,13500,13500,8,13500,13500
79,13500,13500,5,13500,13500,13500,13500,13500,13500,13500,13500,13500,100,13500,13500
80,13500,13500,5,13500,13500,13500,13500,13500,13500,100,13500,13500,13500,13500,13500
81,13500,13500,5,13500,13500,13500,13500,100,13500,100,13500,13500,13500,13500,13500
82,13500,13500,8,13500,13500,13500,13500,100,13500,8,13500,13500,13500,13500,13500
83,13500,13500,8,13500,13500,13500,13500,8,13500,100,13500,13500,13500,13500,13500
84,13500,13500,8,13500,13500,13500,13500,100,13500,8,13500,13500,13500,13500,13500
85,13500,13500,100,13500,13500,13500,13500,8,13500,5,13500,13500,13500,13500,13500
86,13500,13500,13500,13500,13500,13500,13500,5,13500,5,13500,13500,13500,13500,13500
87,13500,13500,13500,13500,13500,13500,13500,5,13500,5,13500,13500,13500,13500,13500
88,13500,13500,13500,13500,13500,13500,13500,5,13500,5,13500,13500,13500,13500,13500
89,13500,13500,13500,13500,13500,13500,13500,5,13500,5,13500,13500,13500,13500,13500
90,13500,13500,13500,13500,13500,13500,13500,5,13500,8,13500,13500,13500,13500,13500
91,13500,100,13500,13500,13500,13500,13500,8,13500,8,13500,13500,13500,13500,13500
92,13500,100,13500,13500,13500,13500,13500,8,13500,8,13500,13500,13500,13500,13500
93,13500,8,13500,13500,13500,13500,13500,8,13500,100,13500,13500,13500,13500,13500
94,13500,100,13500,13500,13500,13500,13500,100,13500,13500,13500,13500,13500,13500,13500
95,13500,8,13500,13500,13500,13500,13500,13500,13500,13500,13500,13500,13500,13500,13500
96,13500,5,13500,13500,13500,13500,13500,13500,13500,13500,13500,13500,13500,13500,13500
97,13500,5,13500,13500,13500,13500,13500,13500,13500,13500,13500,13500,13500,13500,13500
98,13500,5,13500,13500,13500,13500,13500,13500,13500,13500,13500,13500,13500,13500,13500
99,13500,5,13500,13500,13500,13500,13500,13500,13500,13500,13500,13500,13500,13500,13500
100,13500,5,13500,13500,13500,13500,13500,13500,13500,13500,13500,13500,13500,13500,13500
101,13500,8,13500,13500,13500,13500,13500,13500,13500,13500,13500,13500,13500,13500,13500
102,13500,8,13500,13500,13500,13500,13500,13500,13500,13500,13500,13500,13500,13500,13500
103,13500,8,13500,13500,13500,13500,13500,13500,13500,13500,13500,13500,13500,13500,13500
104,13500,100,13500,13500,13500,13500,13500,13500,13500,13500,13500,13500,13500,13500,13500
105,13500,13500,13500,13500,13500,13500,13500,13500,13500,13500,13500,13500,13500,13500,13500
106,13500,13500,13500,13500,13500,13500,13500,13500,13500,13500,13500,13500,13500,13500,13500
107,13500,13500,13500,13500,13500,13500,100,13500,13500,13500,13500,13500,13500,13500,13500
108,13500,13500,13500,13500,13500,13500,100,13500,13500,13500,13500,13500,13500,13500,13500
109,13500,13500,13500,13500,13500,13500,8,13500,13500,13500,13500,13500,13500,13500,13500
110,13500,13500,13500,13500,13500,13500,100,13500,13500,13500,13500,13500,13500,13500,13500
111,13500,13500,13500,13500,13500,13500,8,13500,13500,13500,13500,13500,13500,13500,13500
112,13500,13500,13500,13500,13500,13500,5,13500,13500,13500,13500,13500,13500,13500,13500
113,13500,13500,13500,13500,13500,13500,5,13500,13500,13500,13500,13500,13500,13500,13500
114,13500,13500,13500,13500,13500,13500,5,13500,13500,13500,13500,13500,13500,13500,13500
115,13500,13500,13500,13500,13500,13500,5,13500,13500,13500,13500,13500,13500,13500,13500
116,13500,13500,13500,13500,13500,13500,5,13500,13500,13500,13500,13500,13500,13500,13500
117,13500,13500,13500,13500,13500,13500,8,13500,13500,13500,13500,13500,13500,13500,13500
118,13500,13500,13500,13500,13500,13500,8,13500,13500,13500,13500,13500,13500,13500,13500
119,13500,13500,13500,13500,13500,13500,8,13500,13500,13500,13500,13500,13500,13500,13500
120,13500,13500,13500,13500,13500,13500,100,13500,13500,13500,13500,13500,13500,13500,13500
121,13500,13500,13500,13500,13500,13500,13500,13500,13500,13500,13500,13500,13500,13500,13500
122,13500,13500,13500,13500,13500,13500,13500,13500,13500,13500,13500,13500,13500,13500,13500
123,13500,13500,13500,13500,13500,13500,13500,13500,13500,13500,13500,13500,13500,13500,13500
124,13500,13500,13500,13500,13500,13500,13500,13500,13500,13500,13500,13500,13500,13500,13500
125,13500,13500,13500,13500,13500,13500,13500,13500,13500,13500,13500,13500,13500,13500,13500
126,13500,13500,13500,13500,13500,13500,13500,13500,13500,13500,13500,13500,13500,13500,13500
127,13500,13500,13500,13500,13500,13500,13500,13500,13500,13500,13500,13500,13500,13500,13500
128,100,100,100,13501,100,100,13500,100,100,100,100,100,100,100,100
129,100,100,100,13502,100,100,13500,100,100,100,100,100,100,100,100
130,8,101,8,13503,8,8,13500,8,8,8,8,8,8,8,8
131,100,102,100,13504,100,100,13500,100,100,100,100,100,100,100,100
132,8,103,8,13505,8,8,13500,8,8,8,8,8,8,8,8
133,5,104,5,13506,5,5,13500,5,5,5,5,5,5,5,5
134,13500,105,13500,13500,13500,13500,13500,13500,13500,13500,13500,13500,13500,13500,13500
135,13500,106,13500,13500,13500,13500,13500,13500,13500,13500,13500,13500,13500,13500,13500
136,13500,107,13500,13500,13500,13500,13500,13500,13500,13500,13500,13500,13500,13500,13500
137,13500,108,13500,13500,13500,13500,13500,13500,13500,13500,13500,13500,13500,13500,13500
138,13500,109,13500,13500,13500,13500,13500,13500,13500,13500,13500,13500,13500,13500,13500
139,13500,110,13500,13500,13500,13500,13500,13500,13500,13500,13500,13500,13500,13500,13500
140,13500,111,13500,13500,13500,13500,13500,13500,13500,13500,13500,13500,13500,13500,13500
141,13500,100,13500,13500,13500,13500,13500,13500,13500,13500,13500,13500,13500,13500,13500
142,13500,13500,13500,13500,13500,13500,13500,13500,13500,13500,13500,13500,13500,13500,13500
143,13500,13500,13500,13500,13500,13500,13500,13500,13500,13500,13500,13500,13500,13500,13500
144,13500,13500,13500,13500,13500,13500,13500,13500,13500,13500,13500,13500,13500,13500,13500
145,13500,13500,13500,13500,13500,13500,13500,13500,13500,13500,13500,13500,13500,13500,13500
146,13500,13500,13500,13500,13500,13500,13500,13500,13500,13500,13500,13500,13500,13500,13500
147,13500,13500,13500,13500,13500,13500,13500,13500,13500,13500,13500,13500,13500,13500,13500
148,13500,13500,13500,13500,13500,13500,13500,13500,13500,13500,13500,13500,13500,13500,13500
149,13500,13500,13500,13500,13500,13500,13500,13500,13500,13500,13500,13500,13500,13500,13500
150,13500,13500,13500,13500,13500,13500,13500,13500,13500,13500,13500,13500,13500,13500,13500
151,13500,13500,13500,13500,13500,13500,13500,13500,13500,13500,13500,13500,13500,13500,13500
152,13500,13500,13500,13500,13500,13500,13500,13500,13500,13500,13500,13500,13500,13500,13500
153,13500,13500,13500,13500,13500,13500,13500,13500,13500,13500,13500,13500,13500,13500,13500
154,13500,13500,13500,13500,13500,13500,13500,13500,13500,13500,100,13500,13500,13500,13500
155,13500,13500,13500,13500,13500,13500,13500,13500,13500,13500,100,13500,13500,13500,13500
156,13500,13500,13500,13500,13500,13500,13500,13500,13500,13500,8,13500,13500,13500,100
157,13500,13500,13500,13500,13500,13500,13500,13500,13500,13500,100,13500,13500,13500,100
158,13500,13500,13500,13500,13500,13500,13500,13500,13500,13500,8,13500,13500,13500,8
159,13500,13500,13500,13500,13500,13500,13501,13500,13500,13500,5,13500,13500,13500,100
160,13500,13500,13500,13500,13500,13500,13502,13500,13500,13500,100,13500,13500,13500,8
161,13500,13500,13500,13500,13500,13500,13503,13500,13500,13500,100,13500,13500,13500,5
162,13500,13500,13500,13500,13500,13500,13504,13500,13500,13500,8,13500,13500,13500,100
163,13500,13500,13500,13500,13500,13500,13505,13500,13500,13500,100,13500,13500,13500,100
164,13500,100,13500,13500,13500,13500,13506,13500,13500,13500,8,13500,13500,13500,8
165,13500,100,13500,13500,13500,13500,13507,13500,13500,13500,5,13500,13500,13500,100
166,13500,8,13500,13500,13500,13500,13508,100,13500,13500,100,13500,13500,13500,8
167,13500,100,13500,13500,13500,13500,13509,100,13500,13500,100,13500,13500,13500,5
168,13500,8,13500,13500,13500,13500,13510,8,13500,13500,8,13500,13500,13500,100
169,13500,5,13500,13500,13500,13500,13511,100,13500,13500,100,13500,13500,13500,100
170,13500,5,13500,13500,13500,13500,13512,8,13500,13500,8,13500,13500,13500,8
171,13500,5,13500,13500,13500,13500,13513,5,13500,13500,5,13500,13500,13500,100
172,13500,5,13500,13500,13500,13500,13514,100,13500,13500,13500,13500,13500,13500,8
173,13500,5,13500,13500,13500,13500,13500,100,13500,13500,13500,13500,13500,13500,5
174,13500,8,13500,13500,13500,13500,13500,8,13500,13500,13500,13500,13500,13500,13500
175,13500,8,13500,13500,13500,13500,13500,100,13500,13500,13500,13500,13500,13500,13500
176,13500,8,13500,13500,13500,13500,13500,8,13500,13500,13500,13500,13500,13500,13500
177,13500,100,13500,13500,13500,13500,13500,5,13500,13500,13500,13500,13500,13500,13500
178,13500,13500,13500,13500,13500,13500,13500,100,13500,13500,13500,13500,13500,13500,13500
179,13500,13500,13500,13500,13500,13500,13500,100,13500,13500,13500,13500,13500,13500,13500
180,13500,13500,13500,13500,13500,13500,13500,8,13500,13500,13500,13500,13500,13500,13500
181,13500,13500,13500,13500,13500,13500,13500,100,13500,13500,13500,13500,13500,13500,13500
182,13500,13500,13500,13500,13500,13500,13500,8,13500,13500,13500,13500,13500,13500,13500
183,13500,13500,13500,13500,13500,13500,13500,5,13500,13500,13500,13500,13500,13500,13500
184,13500,13500,13500,13500,13500,13500,13500,13500,13500,13500,13500,13500,13500,13500,13500
185,13500,13500,13500,13500,13500,13500,13500,13500,13500,13500,13500,13500,13500,13500,13500
186,13500,13500,13500,13500,13500,13500,13500,13500,13500,13500,13500,13500,13500,13500,13500
187,13500,13500,13500,13500,13500,13500,13500,13500,13500,13500,13500,13500,13500,13500,13500
188,13500,13500,13500,13500,13500,13500,13500,13500,13500,13500,13500,13500,13500,13500,13500
189,13500,13500,13500,13500,13500,13500,13500,13500,13500,13500,13500,13500,13500,13500,13500
190,13500,13500,13500,13500,13500,13500,13500,13500,13500,13500,13500,13500,13500,13500,13500
191,13500,13500,13500,13500,13500,13500,13500,13500,13500,13500,13500,13500,13500,13500,13500
192,13500,13500,13500,13500,13500,13500,13500,13500,13500,13500,13500,13500,13500,13500,13500
193,13500,13500,13500,13500,13500,13500,13500,13500,13500,13500,13500,13500,13500,13500,13500
194,13500,13500,13500,13500,13500,13500,13500,13500,13500,13500,13500,13500,13500,13500,13500
195,13500,13500,13500,13500,13500,13500,13500,13500,13500,13500,13500,13500,13500,13500,13500
196,13500,13500,13500,13500,13500,13500,13500,13500,13500,13500,13500,13500,13500,13500,13500
197,13500,13500,13500,13500,13500,13500,13500,13500,13500,13500,13500,13500,13500,13500,13500
198,13500,13500,13500,13500,13500,13500,13500,13500,13500,13500,13500,13500,13500,13500,13500
199,13500,13500,13500,13500,13500,13500,13500,13500,13500,13500,13500,13500,13500,13500,13500
200,13500,13500,13500,13500,13500,13500,13500,13500,13500,13500,13500,13500,13500,13500,13500
201,100,100,100,100,13500,100,100,13500,100,13501,100,100,100,100,100
202,100,100,100,100,13500,100,100,13500,100,13502,100,100,100,100,100
203,8,8,8,8,13500,8,8,13500,8,13503,8,8,8,8,8
204,100,100,100,100,13500,100,100,13500,100,13504,100,100,100,100,100
205,8,8,8,8,13500,8,8,13500,8,13505,8,8,8,8,8
206,5,5,5,5,13500,5,5,13500,5,13506,5,5,5,5,5
207,100,100,100,100,13500,100,100,13500,100,13507,100,100,100,100,100
208,100,100,100,100,13500,100,100,13500,100,13508,100,100,100,100,100
209,8,8,8,8,13500,8,8,13500,8,13509,8,8,8,8,8
210,100,100,100,100,13500,100,100,13500,100,13510,100,100,100,100,100
211,8,8,8,8,13500,8,8,13500,8,13511,8,8,8,8,8
212,5,5,5,5,13500,5,5,13500,5,13512,5,5,5,5,5
213,100,100,100,100,13500,100,100,13500,100,13513,100,100,100,100,100
214,100,100,100,100,13500,100,100,13500,100,13514,100,100,100,100,100
215,8,8,8,8,13500,8,8,13500,8,13515,8,8,8,8,8
216,100,100,100,100,13500,100,100,13500,100,13516,100,100,100,100,100
217,8,8,8,8,13500,8,8,13500,8,13517,8,8,8,8,8
218,5,5,5,5,13500,5,5,13500,5,13518,5,5,5,5,5
219,13500,13500,13500,13500,13500,13500,13500,13500,13500,13519,13500,13500,13500,13500,13500
220,13500,13500,13500,13500,13500,13500,13500,13500,13500,13520,13500,13500,13500,13500,13500
221,13500,13500,13500,13500,13500,13500,13500,13500,13500,13521,13500,13500,13500,13500,13500
222,13500,13500,13500,13500,13500,13500,13500,13500,13500,13522,13500,13500,13500,13500,13500
223,13500,13500,13500,13500,13500,13500,13500,13500,13500,13523,13500,13500,13500,13500,13500
224,13500,13500,13500,13500,13500,13500,13500,13500,13500,13524,13500,13500,13500,13500,13500
225,13500,13500,13500,13500,13500,13500,13500,13500,13500,13500,13500,13500,13500,13500,13500
226,13500,13500,13500,13500,13500,13500,13500,13500,13500,13500,13500,13500,13500,13500,13500
227,13500,13500,13500,13500,13500,13500,13500,13500,13500,13500,13500,13500,13500,13500,13500
228,13500,13500,13500,13500,13500,13500,13500,13500,13500,13500,13500,13500,13500,13500,13500
229,13500,13500,13500,13500,13500,13500,13500,13500,13500,13500,13500,13500,13500,13500,13500
230,13500,13500,13500,13500,13500,13500,13500,13500,13500,13500,13500,13500,13500,13500,13500
231,13500,13500,13500,13500,13500,13500,13500,13500,13500,13500,13500,13500,13500,13500,13500
232,13500,13500,13500,13500,13500,13500,13500,13500,13500,13500,13500,13500,13500,13500,13500
233,13500,13500,13500,13500,13500,13500,13500,13500,13500,13500,13500,13500,13500,13500,13500
234,13500,13500,13500,13500,13500,13500,13500,13500,13500,13500,13500,13500,13500,13500,13500
235,13500,13500,13500,13500,13500,13500,13500,13500,13500,13500,13500,13500,13500,13500,13500
236,13500,13500,13500,13500,13500,13500,13500,13500,13500,13500,13500,13500,13500,13500,13500
237,13500,13500,13500,13500,13500,13500,13500,13500,13500,13500,13500,13500,13500,13500,13500
238,13500,13500,13500,13500,13500,13500,13500,13500,13500,13500,13500,13500,13500,13500,13500
239,13500,13500,13500,13500,13500,13500,13500,13500,13500,13500,13500,13500,13500,13500,13500
240,13500,13500,13500,13500,13500,13500,13500,13500,13500,13500,13500,13500,13500,13500,13500
241,13500,13500,13500,13500,13500,13500,13500,13500,13500,13500,13500,13500,13500,13500,13500
242,13500,13500,13500,13500,13500,13500,13500,13500,13500,13500,13500,13500,13500,13500,13500
243,13500,13500,13500,13500,13500,13500,13500,13500,13500,13500,13500,13500,13500,13500,13500
244,13500,13500,13500,13500,13500,13500,13500,13500,13500,13500,13500,13500,13500,13500,13500
245,13500,13500,13500,13500,13500,13500,13500,13500,13500,13500,13500,13500,13500,13500,13500
246,13500,13500,13500,13500,13500,13500,13500,13500,13500,13500,13500,13500,13500,13500,13500
247,13500,13500,13500,13500,13500,13500,13500,13500,13500,13500,13500,13500,13500,13500,13500
248,13500,13500,7000,13500,668,13500,13500,800,13500,13500,13500,800,13500,13500,13500
249,13500,13500,7000,13500,668,13500,13500,800,13500,13500,13500,800,13500,13500,13500
250,13500,13500,7000,13500,668,13500,13500,800,13500,13500,13500,800,13500,13500,13500
251,13500,13500,7000,13500,668,13500,13500,800,13500,13500,13500,800,13500,13500,13500
252,13500,13500,7000,13500,668,13500,13500,800,13500,13500,13500,800,13500,13500,13500
253,13500,13500,7000,13500,668,13500,13500,800,13500,13500,13500,800,13500,13500,13500
254,13500,13500,7000,13500,668,13500,13500,800,13500,13500,13500,800,13500,13500,13500
255,13500,13500,7000,13500,668,13500,13500,800,13500,13500,13500,800,13500,13500,13500
256,13500,13500,7000,13500,668,13500,13500,800,13500,13500,13500,800,13500,13500,13500
257,13500,13500,7000,13500,668,13500,13500,800,13500,13500,13500,800,13500,13500,13500
258,13500,13500,7000,13500,668,13500,13500,800,13500,13500,13500,800,13500,13500,13500
259,13500,13500,7000,13500,668,13500,13500,800,13500,13500,13500,800,13500,13500,13500
260,13500,13500,7000,13500,668,13500,13500,800,13500,13500,13500,800,13500,13500,13500
261,13500,13500,7000,13500,668,13500,13500,800,13500,13500,13500,800,13500,13500,13500
262,13500,13500,7000,13500,668,13500,13500,800,13500,13500,13500,800,13500,13500,13500
263,13500,13500,7000,13500,668,13500,13500,800,13500,13500,13500,800,13500,13500,13500
264,13500,13500,7000,13500,668,13500,13500,800,13500,13500,13500,800,13500,13500,13500
265,13500,13500,7000,13500,668,13500,13500,800,13500,13500,13500,800,13500,13500,13500
266,13500,13500,7000,13500,13500,13500,13500,800,13500,13500,13500,800,13500,13500,13500
267,13500,13500,7000,13500,13500,13500,13500,800,13500,13500,13500,800,13500,13500,13500
268,13500,13500,7000,13500,13500,13500,13500,800,13500,13500,13500,800,13500,13500,13500
269,13500,13500,7000,13500,13500,13500,13500,13500,13500,13500,13500,800,13500,13500,13500
270,13500,13500,7000,13500,13500,13500,13500,13500,13500,13500,13500,800,13500,13500,13500
271,13500,13500,7000,13500,13500,13500,13500,13500,13500,13500,13500,800,13500,13500,13500
272,13500,13500,7000,13500,13500,13500,13500,13500,13500,13500,13500,13500,13500,13500,13500
273,13500,13500,7000,13500,13500,13500,13500,13500,13500,13500,13500,13500,13500,13500,13500
274,13500,13500,13500,13500,13500,13500,13500,13500,13500,13500,13500,13500,13500,13500,13500
275,13500,13500,13500,13500,13500,13500,13500,13500,13500,13500,13500,13500,13500,13500,13500
276,13500,13500,13500,13500,13500,13500,13500,13500,13500,13500,13500,13500,13500,13500,13500
277,13500,13500,13500,13500,13500,13500,13500,13500,13500,13500,13500,13500,13500,13500,13500
278,13500,13500,13500,13500,13500,13500,13500,13500,13500,13500,13500,13500,13500,13500,13500
279,13500,13500,13500,13500,13500,13500,13500,13500,13500,13500,13500,13500,13500,13500,13500
280,13500,13500,13500,13500,13500,13500,13500,13500,13500,13500,13500,13500,13500,13500,13500
281,13500,13500,13500,13500,13500,13500,13500,13500,13500,13500,13500,13500,13500,13500,13500
282,13500,13500,13500,13500,13500,13500,13500,13500,13500,13500,13500,13500,13500,13500,13500
283,13500,13500,13500,13500,13500,13500,13500,13500,13500,13500,13500,13500,13500,13500,13500
284,13500,13500,13500,13500,13500,13500,13500,13500,13500,13500,13500,13500,13500,13500,13500
285,13500,13500,13500,13500,13500,13500,13500,13500,13500,13500,13500,13500,13500,13500,13500
286,13500,13500,13500,13500,13500,13500,13500,13500,13500,13500,13500,13500,13500,13500,13500
287,13500,13500,13500,13500,13500,13500,13500,13500,13500,13500,13500,13500,13500,13500,13500
288,13500,13500,13500,13500,13500,13500,13500,13500,13500,13500,13500,13500,13500,13500,13500
289,13500,13500,13500,13500,13500,13500,13500,13500,13500,13500,13500,13500,13500,13500,13500
290,13500,13500,13500,13500,13500,13500,13500,13500,13500,13500,13500,13500,13500,13500,13500
291,13500,13500,13500,13500,13500,13500,13500,13500,13500,13500,13500,13500,13500,13500,13500
292,13500,13500,13500,13500,13500,13500,13500,13500,13500,13500,13500,13500,13500,13500,13500
293,13500,13500,13500,13500,13500,13500,13500,13500,13500,13500,13500,13500,13500,13500,13500
294,100,100,100,100,100,100,100,100,100,100,100,100,100,100,100
295,100,100,100,100,100,100,100,100,100,100,100,100,100,100,100
296,8,8,8,8,8,8,8,8,8,8,8,8,8,8,8
297,100,100,100,100,100,100,100,100,100,8,100,100,100,100,100
298,8,8,8,8,8,8,8,8,8,8,8,8,8,8,8
299,5,5,5,5,5,5,5,5,5,8,5,5,5,5,5
300,100,100,100,100,100,100,100,100,100,8,100,100,100,100,100
301,100,100,100,100,100,100,100,100,100,8,100,100,100,100,100
302,8,100,8,8,8,8,8,8,8,8,8,8,8,8,8
303,100,100,100,100,100,100,100,100,100,8,100,100,100,100,100
304,8,100,8,8,8,8,8,8,8,8,8,8,8,8,8
305,5,100,5,5,5,5,5,5,5,8,5,5,5,5,5
306,100,100,100,100,100,5,100,100,100,8,100,100,100,100,100
307,100,100,100,100,100,5,100,100,100,8,100,100,100,100,100
308,8,100,8,100,8,5,8,8,8,8,8,8,8,8,8
309,100,100,100,100,100,5,100,100,100,8,100,100,100,100,100
310,8,100,8,100,8,5,8,8,8,8,8,8,8,8,8
311,5,100,5,100,5,5,5,5,5,8,5,5,5,5,5
312,100,100,100,100,100,5,100,100,100,8,100,100,100,100,100
313,100,100,100,100,100,5,100,100,100,8,100,100,100,100,100
314,8,100,8,100,8,5,8,8,8,8,8,8,8,8,8
315,100,100,100,100,100,5,100,100,100,8,100,100,100,100,100
316,8,100,8,100,8,5,8,8,8,8,8,8,8,8,8
317,5,100,5,100,5,5,5,5,5,8,5,5,5,5,5
318,100,100,100,100,100,5,100,100,100,8,100,100,100,100,100
319,100,100,100,100,100,5,100,100,100,8,100,100,100,100,100
320,8,8,8,100,100,5,8,8,8,8,8,8,8,8,8
321,100,100,100,100,100,5,100,100,100,8,100,100,100,100,100
322,8,8,8,100,100,5,8,8,8,8,8,8,8,8,8
323,5,5,5,100,100,5,5,5,5,5,5,5,5,5,5
324,100,100,100,100,100,100,100,100,100,100,100,100,100,100,100
325,100,100,100,100,100,100,100,100,100,100,100,100,100,100,100
326,8,8,8,8,100,8,8,8,8,8,8,8,8,8,8
327,100,100,100,100,100,100,100,100,100,100,100,100,100,100,100
328,8,8,8,8,100,8,8,8,8,8,8,8,8,8,8
329,5,5,5,5,100,5,5,5,5,5,5,5,5,5,5
330,100,100,100,100,100,100,100,100,100,100,100,100,100,100,100
331,100,100,100,100,100,100,100,100,100,100,100,100,100,100,100
332,8,8,8,8,100,8,8,8,8,8,8,8,8,8,8
333,100,100,100,100,100,100,100,100,100,100,100,100,100,100,100
334,8,8,8,8,100,8,8,8,8,8,8,8,8,8,8
335,5,5,5,5,100,5,5,5,5,5,5,5,5,5,5
336,100,100,100,100,100,100,100,100,100,100,100,100,100,100,100
337,100,100,100,100,100,100,100,100,100,100,100,100,100,100,100
338,8,8,8,8,100,8,8,8,8,8,8,8,8,8,8
339,100,100,100,100,100,100,100,100,100,100,100,100,100,100,100
340,8,8,8,8,100,8,8,8,8,8,8,8,8,8,8
341,5,5,5,5,5,5,5,5,5,5,5,5,5,5,5
342,100,100,100,100,100,100,100,100,100,100,100,100,100,100,100
343,100,100,100,100,100,100,100,100,100,100,100,100,100,100,100
344,8,8,8,8,8,8,8,8,8,8,8,8,8,8,8
345,100,100,100,100,100,100,100,100,100,100,100,100,100,100,100
346,8,8,8,8,8,8,8,8,8,8,8,8,8,8,8
347,5,5,5,5,5,5,5,5,5,5,5,5,5,5,5
348,100,100,100,100,100,100,100,100,100,100,100,100,100,100,100
349,100,100,100,100,100,100,100,100,100,100,100,100,100,100,100
350,8,8,8,8,8,8,8,8,8,8,8,8,8,8,8
351,100,100,100,100,100,100,100,100,100,100,100,100,100,100,100
352,8,8,8,8,8,8,8,8,8,8,8,8,8,8,8
353,5,5,5,5,5,5,5,5,5,5,5,5,5,5,5
354,100,100,100,100,100,100,100,100,100,100,100,100,100,100,100
355,100,100,100,100,100,100,100,100,100,100,100,100,100,100,100
356,8,8,8,8,8,8,100,8,8,8,8,8,8,8,8
357,100,100,100,100,100,100,100,100,100,100,100,100,100,100,100
358,8,8,8,8,8,8,100,8,8,8,8,8,8,8,8
359,5,5,5,5,5,5,100,5,5,5,5,5,5,5,5
360,100,100,100,100,100,100,100,100,100,100,100,100,100,100,100
361,100,100,100,100,100,100,100,100,100,100,100,100,100,100,100
362,8,8,8,8,8,8,100,8,8,8,8,8,8,8,8
363,100,100,100,100,100,100,100,100,100,100,100,100,100,100,100
364,8,8,8,8,8,8,100,8,8,8,8,8,8,8,8
365,5,5,5,5,5,5,100,5,5,5,5,5,5,5,5
366,100,100,100,100,100,100,100,100,100,100,100,100,100,100,100
367,100,100,100,100,100,100,100,100,100,100,100,100,100,100,100
368,8,8,8,8,8,8,100,8,8,8,8,8,8,8,8
369,100,100,100,100,100,100,100,100,100,100,100,100,100,100,100
370,8,8,8,8,8,8,100,8,8,8,8,8,8,8,8
371,5,5,8,5,5,5,100,5,5,5,5,5,5,5,5
372,100,100,8,100,100,100,100,100,100,100,100,100,100,100,100
373,100,100,8,100,100,100,100,100,100,100,100,100,100,100,100
374,8,8,8,8,8,8,8,8,8,8,8,8,8,8,8
375,100,100,8,100,100,100,100,100,100,100,100,100,100,100,100
376,8,8,8,8,8,8,8,8,8,8,8,8,8,8,8
377,5,5,8,5,5,5,5,5,5,5,5,5,5,5,5
378,100,100,8,100,100,100,100,100,100,100,100,100,100,100,100
379,100,100,8,100,100,100,100,100,100,100,100,100,100,100,100
380,8,8,8,8,8,8,8,8,8,8,8,8,8,8,8
381,100,100,8,100,100,100,100,100,100,100,100,100,100,100,100
382,8,8,8,8,8,8,8,8,8,8,8,8,8,8,8
383,5,5,8,5,5,5,5,5,5,5,5,5,5,5,5
384,100,100,8,100,100,100,100,100,100,5,100,100,100,100,100
385,100,100,8,100,100,100,100,100,100,5,100,100,100,100,100
386,8,8,8,8,8,8,8,8,8,5,8,8,8,8,8
387,100,100,8,100,100,100,100,100,100,5,100,100,100,100,100
388,8,8,8,8,8,8,8,8,8,5,8,100,8,8,8
389,5,5,8,5,5,5,8,5,5,5,5,100,5,5,5
390,100,100,100,100,100,100,8,100,100,5,100,100,100,100,100
391,100,100,100,100,100,100,8,100,100,5,100,100,100,100,100
392,8,8,8,8,8,8,8,8,8,5,8,100,8,8,8
393,100,100,100,100,100,100,8,100,100,5,100,100,100,100,100
394,8,8,8,8,8,8,8,8,8,5,8,100,8,8,8
395,5,5,5,5,5,5,8,5,5,5,5,100,5,5,5
396,100,100,100,100,100,100,8,100,100,5,100,100,100,100,100
397,100,100,100,100,100,100,8,100,100,5,100,100,100,100,100
398,8,8,8,8,8,8,8,8,8,5,8,100,8,8,8
399,100,100,100,100,100,100,8,100,100,5,100,100,100,100,100
400,8,8,8,8,8,8,8,8,8,5,8,100,8,8,8
401,5,5,5,5,5,5,8,5,5,5,5,100,5,5,5
402,100,100,100,100,100,100,8,100,100,5,100,100,100,100,100
403,8,8,8,8,8,8,8,8,8,5,8,100,8,8,8
404,5,5,5,5,5,5,8,5,5,5,5,100,5,5,5
405,100,100,100,100,100,100,8,100,100,5,100,100,100,100,100
406,100,100,100,100,100,100,8,100,100,5,100,100,100,100,100
407,8,8,8,8,8,8,8,8,8,8,8,100,8,8,8
408,100,100,100,100,100,100,100,100,100,100,100,100,100,100,100
409,8,8,8,8,8,8,8,8,8,8,8,8,8,8,8
410,5,5,5,5,5,5,5,5,5,5,5,5,5,5,5
411,100,100,100,100,100,100,100,100,100,100,100,100,100,100,100
412,100,100,100,100,100,100,100,100,100,100,100,100,100,100,100
413,8,8,8,8,8,8,8,8,8,8,8,8,8,8,8
414,100,100,100,100,100,100,100,100,100,100,100,100,100,100,100
415,8,8,8,8,8,8,8,8,8,8,8,8,8,8,8
416,5,5,5,5,5,5,5,5,5,5,5,5,5,5,5
417,100,100,100,100,100,100,100,100,100,100,100,100,100,100,100
418,100,100,100,100,100,100,100,800,100,100,100,100,100,100,100
419,8,8,8,8,8,8,8,800,8,8,8,8,8,8,8
420,100,100,100,668,100,100,100,800,100,100,100,100,100,100,100
421,8,8,8,668,8,8,8,800,8,8,8,8,8,8,8
422,5,5,5,668,5,5,5,800,5,5,5,5,5,5,5
423,100,100,100,668,100,100,100,800,100,100,100,100,100,100,100
424,100,100,100,668,100,100,100,800,100,100,100,100,100,100,100
425,8,8,8,668,8,8,8,800,8,8,8,8,8,8,8
426,100,100,100,668,100,100,100,800,100,100,100,100,100,100,100
427,8,8,8,668,8,8,8,800,8,8,8,8,8,8,8
428,5,5,5,668,5,5,5,800,5,5,5,5,5,5,5
429,100,100,100,668,100,100,100,800,100,100,100,100,100,100,100
430,8,8,8,668,8,8,8,800,8,8,8,8,8,8,8
431,5,5,5,668,5,5,5,800,5,5,5,5,5,5,5
432,100,100,100,668,100,100,100,800,100,100,100,100,100,100,100
433,100,100,100,668,100,100,100,800,100,100,100,100,100,100,100
434,8,8,8,668,8,8,8,800,8,8,8,8,8,8,8
435,100,100,100,668,100,100,100,800,100,100,100,100,100,100,100
436,8,8,8,668,8,8,8,800,8,8,8,8,8,8,8
437,5,5,5,668,5,5,5,800,5,5,5,5,5,5,5
438,100,100,100,668,100,100,100,800,100,100,100,100,100,100,100
439,100,100,100,668,100,100,100,800,100,100,100,100,100,100,100
440,8,8,8,668,8,8,8,800,8,8,8,8,8,8,8
441,100,100,100,668,100,100,100,800,100,100,100,100,100,100,100
442,8,8,8,8,8,8,8,8,8,8,8,8,8,8,8
443,5,5,5,5,5,5,5,5,5,5,5,5,5,5,5
444,100,100,100,100,100,100,100,100,100,100,100,100,100,100,100
445,100,100,100,100,100,100,100,100,100,100,100,100,100,100,100
446,8,8,8,8,8,8,8,8,8,8,8,8,8,8,8
447,100,100,100,100,100,100,100,100,100,100,100,100,100,100,100
448,8,8,8,8,8,8,8,8,8,8,8,8,8,8,8
449,5,5,5,5,5,5,5,5,5,5,5,5,5,5,5
450,100,100,100,100,100,100,100,100,100,100,100,100,100,100,100
451,100,100,100,100,100,100,100,100,100,100,100,100,100,100,100
452,8,8,8,8,8,8,8,8,8,8,8,8,8,8,8
453,100,100,100,100,100,100,100,100,100,100,100,100,100,100,100
454,8,8,8,8,8,8,8,8,8,8,8,8,8,8,8
455,5,5,5,5,5,5,5,5,5,5,5,5,5,5,5
456,100,100,100,100,100,100,100,100,100,100,100,100,100,100,100
457,8,8,8,8,8,8,8,8,8,8,8,8,8,8,8
458,5,5,5,5,5,5,5,5,5,5,5,5,5,5,5
459,100,100,100,100,100,100,100,100,100,100,100,100,100,100,100
460,100,100,100,100,100,100,100,100,100,100,100,100,100,100,100
461,8,8,8,8,8,8,8,100,8,8,8,8,8,8,8
462,100,100,100,100,100,100,100,100,100,100,100,100,100,100,100
463,8,8,8,8,8,8,8,100,8,8,8,8,8,8,8
464,5,5,5,5,5,5,5,100,5,5,5,5,5,5,5
465,100,100,100,100,100,100,100,100,100,100,100,100,100,100,100
466,100,100,100,100,100,100,100,100,100,100,100,100,100,100,100
467,8,8,8,8,8,8,8,100,8,8,8,8,8,8,8
468,100,100,100,100,100,100,100,100,100,100,100,100,100,100,100
469,8,8,8,8,8,8,8,100,8,8,8,8,8,8,8
470,5,5,5,5,5,5,5,100,5,5,5,5,5,5,5
471,100,100,100,100,100,100,100,100,100,100,100,100,100,100,100
472,100,100,100,100,100,100,100,100,100,100,100,100,100,100,100
473,8,8,8,8,8,8,8,100,8,8,8,8,8,8,8
474,100,100,100,8,100,100,100,100,100,100,100,100,100,100,100
475,8,8,8,8,8,8,8,100,8,8,8,8,8,8,8
476,5,5,5,8,5,5,5,100,5,5,5,5,5,5,5
477,100,100,100,8,100,100,100,100,100,100,100,100,100,100,100
478,100,100,100,8,100,100,100,100,100,100,100,100,100,100,100
479,8,8,8,8,8,8,8,100,8,8,8,8,8,8,8
480,100,100,100,8,100,100,100,100,100,100,100,100,100,100,100
481,8,8,8,8,8,8,8,100,8,8,8,8,8,8,8
482,5,5,5,8,5,5,5,5,5,5,5,5,5,5,5
483,100,100,100,8,100,100,100,100,100,100,100,100,100,100,100
484,8,8,8,8,8,8,8,8,8,8,8,8,8,8,8
485,8,5,5,8,5,5,5,5,5,5,5,8,5,5,5
486,8,5,100,8,100,100,100,100,100,100,100,8,100,100,100
487,8,5,100,8,100,100,100,100,100,100,100,8,100,100,100
488,8,5,8,8,8,8,100,8,8,8,8,8,8,8,8
489,8,5,100,8,100,100,100,100,100,100,100,8,100,100,100
490,8,5,8,8,8,8,100,8,8,8,8,8,8,8,8
491,8,5,5,8,5,5,100,5,5,5,5,8,5,5,5
492,8,5,100,8,100,100,100,100,100,100,100,8,100,100,100
493,8,5,100,8,100,100,100,100,100,100,100,8,100,100,100
494,8,5,8,8,8,8,100,8,8,8,8,8,8,8,8
495,8,5,100,8,100,100,100,100,100,100,100,8,100,100,100
496,8,8,8,8,8,8,100,8,8,8,8,8,8,8,8
497,8,5,5,5,5,5,100,5,5,5,5,5,5,5,5
498,100,100,100,100,100,100,100,100,100,100,100,100,100,100,100
499,100,100,100,100,100,100,100,100,100,100,100,100,100,100,100
500,100,100,100,100,100,100,100,100,100,100,100,100,100,100,100
501,100,100,100,100,100,100,100,100,100,100,100,100,100,100,100
502,100,100,100,100,100,100,100,100,100,100,100,100,100,100,100
503,5,5,5,5,5,5,5,5,5,5,5,5,5,5,5
504,100,100,100,100,100,100,100,100,100,100,100,100,100,100,100
505,100,100,100,100,100,100,100,100,100,100,100,100,100,100,100
506,8,8,8,8,8,8,8,8,8,8,8,8,8,8,8
507,100,100,100,100,100,100,100,100,100,100,100,100,100,100,100
508,8,8,8,8,8,8,8,8,8,8,8,8,8,8,8
509,5,5,5,5,5,5,5,5,5,5,5,5,5,5,5
510,512,512,512,512,512,512,512,512,512,512,512,512,512,512,512
511,512,512,512,512,512,512,512,512,512,512,512,512,512,512,512
512,512,512,512,512,512,512,512,512,512,512,512,512,512,512,512
513,512,512,512,512,512,512,512,512,512,512,512,512,512,512,512
514,512,512,512,512,512,512,512,512,512,512,512,512,512,512,512
515,512,512,512,512,512,512,512,512,512,512,512,512,512,512,512
516,512,512,512,512,512,512,512,512,512,512,512,512,512,512,512
517,512,512,512,512,512,512,512,512,512,512,512,512,512,512,512
518,512,512,512,512,512,512,512,512,512,512,512,512,512,512,512
519,512,512,512,512,512,512,512,512,512,512,512,512,512,512,512
520,512,512,512,512,512,512,512,512,512,512,512,512,512,512,512
521,512,512,512,512,512,512,512,512,512,512,512,512,512,512,512
522,512,512,512,512,512,512,512,512,512,512,512,512,512,512,512
523,512,512,512,512,512,512,512,512,512,512,512,512,512,512,512
524,512,512,512,512,512,512,512,512,512,512,512,512,512,512,512
525,512,512,512,512,512,512,512,512,512,512,512,512,512,512,512
526,512,512,512,512,512,512,512,512,512,512,512,512,512,512,512
527,512,512,512,512,512,512,512,512,512,512,512,512,512,512,512
528,512,512,512,512,512,512,512,512,512,512,512,512,512,512,512
529,512,512,512,512,512,512,512,512,512,512,512,512,512,512,512
530,512,512,512,512,512,512,512,512,512,512,512,512,512,512,512
531,512,512,512,512,512,512,512,512,512,512,512,512,512,512,512
532,512,512,512,512,512,512,512,512,512,512,512,512,512,512,512
533,512,512,512,512,512,512,512,512,513,512,512,513,512,512,512
534,512,512,512,512,512,512,512,512,514,512,512,514,512,512,512
535,512,512,512,512,512,512,512,512,515,512,512,515,512,512,512
536,512,512,512,512,512,512,512,512,516,512,512,516,512,512,512
537,512,512,512,512,512,512,512,512,517,512,512,517,512,512,512
538,512,512,512,512,512,512,512,512,518,512,512,518,512,512,512
539,512,512,512,512,512,512,512,512,519,512,512,519,512,512,512
540,512,512,512,512,512,512,512,512,520,512,512,520,512,512,512
541,512,512,512,512,512,512,512,512,521,512,512,521,512,512,512
542,512,512,512,512,512,512,512,512,522,512,512,522,512,512,512
543,512,512,512,512,512,512,512,512,523,512,512,523,512,512,512
544,512,512,512,512,512,512,512,512,524,512,512,524,512,512,512
545,512,512,512,512,512,512,512,512,525,512,512,525,512,512,512
546,512,512,512,512,512,512,512,512,526,512,512,526,512,512,512
547,512,512,512,512,512,512,512,512,527,512,512,527,512,512,512
548,512,512,512,512,512,512,512,512,528,512,512,528,512,512,512
549,512,512,512,512,512,512,512,512,529,512,512,529,512,512,512
550,512,512,512,512,512,512,512,512,530,512,512,512,512,512,512
551,512,512,512,512,512,512,512,512,531,512,512,512,512,512,512
552,512,512,512,512,512,512,512,512,532,512,512,512,512,512,512
553,512,512,512,512,512,512,512,512,533,512,512,512,512,512,512
554,512,512,512,512,512,512,512,512,534,512,512,512,512,512,512
555,512,512,512,512,512,512,512,512,535,512,512,512,512,512,512
556,512,512,512,512,512,512,512,512,536,512,512,512,512,512,512
557,512,512,512,512,512,512,512,512,537,512,512,512,512,512,512
558,512,512,512,512,512,512,512,512,512,512,512,512,512,512,512
559,512,512,512,512,512,512,512,512,512,512,512,512,512,512,512
560,512,512,512,512,512,512,512,512,512,512,512,512,512,512,512
561,512,512,512,512,512,512,512,512,512,512,512,512,512,512,512
562,512,512,512,512,512,512,512,512,512,512,512,512,512,512,512
563,512,512,512,512,512,512,512,512,512,512,512,512,512,512,512
564,512,512,512,512,512,512,512,512,512,512,512,512,512,512,512
565,512,512,512,512,512,512,512,512,512,512,512,512,512,512,512
566,512,512,512,512,512,512,512,512,512,512,512,512,512,512,512
567,512,512,512,512,512,512,512,512,512,512,512,512,512,512,512
568,512,512,512,512,512,512,512,512,512,512,512,512,512,512,512
569,512,512,512,512,512,512,512,512,512,512,512,512,512,512,512
570,512,512,512,512,512,512,512,512,512,512,512,512,512,512,512
571,512,512,512,512,512,512,512,512,512,512,512,512,512,512,512
572,512,512,512,512,512,512,512,512,512,512,512,512,512,512,512
573,512,512,512,512,512,512,512,512,512,512,512,512,512,512,512
574,512,512,512,512,512,512,512,512,512,512,512,512,512,512,512
575,512,512,512,512,512,512,512,512,512,512,512,512,512,512,512
576,512,512,512,512,512,512,512,512,512,512,512,513,512,512,512
577,512,512,512,512,512,512,512,512,512,512,512,514,512,512,512
578,512,512,512,512,512,512,512,512,512,512,512,515,512,512,512
579,512,512,512,512,512,512,512,512,512,512,512,516,512,512,512
580,512,512,512,512,512,512,512,512,512,512,512,517,512,512,512
581,512,512,512,512,512,512,512,512,512,512,512,518,512,512,512
582,512,512,512,512,512,512,512,512,512,512,512,519,512,512,512
583,512,512,512,512,512,512,512,512,512,512,512,520,512,512,512
584,512,512,512,512,512,512,512,512,512,512,512,521,512,512,512
585,512,512,512,512,512,512,512,512,512,512,512,522,512,512,512
586,512,512,512,512,512,512,512,512,512,512,512,523,512,512,512
587,512,512,512,512,512,512,512,512,512,512,512,524,512,512,512
588,512,512,512,512,512,512,512,512,512,512,512,525,512,512,512
589,512,512,512,512,512,512,512,512,512,512,512,526,512,512,512
590,512,512,512,512,512,512,512,512,512,512,512,512,512,512,512
591,512,512,512,513,512,512,512,512,512,512,512,512,512,512,512
592,512,512,512,514,512,512,512,512,512,512,512,512,512,512,512
593,512,512,512,515,512,512,512,512,512,512,512,512,512,512,512
594,512,512,512,516,512,512,512,512,512,512,512,512,512,512,512
595,512,512,512,517,512,512,512,512,512,512,512,512,512,512,512
596,512,512,512,518,512,512,512,512,512,512,512,512,512,512,512
597,512,512,512,519,512,512,512,512,512,512,512,512,512,512,512
598,512,512,512,520,512,512,512,512,512,512,512,512,512,512,512
599,512,512,512,521,512,512,512,512,512,512,512,512,512,512,512
600,512,512,512,522,512,512,512,512,512,512,512,512,512,512,512
601,512,512,512,523,512,512,512,512,512,512,512,512,512,512,512
602,512,512,512,524,512,512,512,512,512,512,512,512,512,513,512
603,512,512,512,525,512,512,512,512,512,512,512,512,512,514,512
604,512,512,512,526,512,512,512,512,512,512,512,512,512,515,512
605,512,512,512,527,512,512,512,512,512,512,512,512,512,516,512
606,512,512,512,528,512,512,512,512,512,512,512,512,512,517,512
607,512,512,512,529,512,512,512,512,512,512,512,512,512,518,512
608,512,512,512,530,512,512,512,512,512,512,512,512,512,519,512
609,512,512,512,512,512,512,512,512,512,512,512,512,512,520,512
610,512,512,512,512,512,512,512,512,512,512,512,512,512,521,512
611,512,512,512,512,512,512,512,512,512,512,512,512,512,522,512
612,512,512,512,512,512,512,512,512,512,512,512,512,512,523,512
613,512,512,512,512,512,512,512,512,512,512,512,512,512,524,512
614,512,512,512,512,512,512,512,512,512,512,512,512,512,525,512
615,512,512,512,512,512,512,512,512,512,512,512,512,512,526,512
616,512,512,512,512,512,512,512,512,512,512,512,512,512,527,512
617,512,512,512,512,512,512,512,512,512,512,512,512,512,528,512
618,512,512,512,512,512,512,512,512,512,512,512,512,512,529,512
619,512,512,512,512,512,512,512,512,512,512,512,512,512,530,512
620,512,512,512,512,512,512,512,512,512,512,512,512,512,531,512
621,512,512,512,512,512,512,512,512,512,512,512,512,512,532,512
622,512,512,512,512,512,512,512,512,512,512,512,512,512,533,512
623,512,512,512,512,512,512,512,513,512,512,512,512,512,534,512
624,512,512,512,512,512,512,512,514,512,512,512,512,512,535,512
625,512,512,512,512,512,512,512,515,512,512,512,512,512,536,512
626,512,512,512,512,512,512,512,516,512,512,512,512,512,537,512
627,512,512,512,512,512,512,512,517,512,512,512,512,512,538,512
628,512,512,512,512,512,512,512,518,512,512,512,512,512,539,512
629,512,512,512,512,512,512,512,519,512,512,512,512,512,540,512
630,512,512,512,512,512,512,512,520,512,512,512,512,512,541,512
631,512,512,512,512,512,512,512,521,512,512,512,512,512,542,512
632,512,512,512,512,512,512,512,522,512,512,512,512,512,543,512
633,512,512,512,512,512,512,512,523,512,512,512,512,512,512,512
634,512,512,512,512,512,512,512,524,512,512,512,512,512,512,512
635,512,512,512,512,512,512,512,525,512,512,512,512,512,512,512
636,512,512,512,512,512,512,512,512,512,512,512,512,512,512,512
637,512,512,512,512,512,512,512,512,512,512,512,512,512,512,512
638,512,512,512,512,512,512,512,512,512,512,512,512,512,512,512
639,512,512,512,512,512,512,512,512,512,512,512,512,512,512,512
640,513,512,512,512,512,512,512,512,512,512,512,512,512,513,512
641,514,512,512,512,512,512,512,512,512,512,512,512,512,514,512
642,515,512,512,512,513,512,512,512,512,512,512,512,512,515,512
643,516,512,512,512,514,512,512,512,512,512,512,512,512,516,512
644,517,512,512,512,515,512,512,512,512,512,512,512,512,517,512
645,518,512,512,512,516,512,512,512,512,512,512,512,512,518,512
646,519,512,512,512,517,512,512,512,512,512,512,512,512,519,512
647,520,512,512,512,518,512,512,512,512,512,512,512,512,520,512
648,521,512,512,512,519,512,512,512,512,512,512,512,512,521,512
649,522,512,512,512,520,512,512,512,512,512,512,512,512,522,512
650,523,512,512,512,521,512,512,512,512,512,512,512,512,523,512
651,524,512,512,512,522,512,512,512,512,512,512,512,512,524,512
652,525,512,512,512,523,512,512,512,512,512,512,512,512,512,512
653,526,512,512,512,524,512,512,512,512,512,512,512,512,512,512
654,512,512,512,512,525,512,512,512,512,512,512,512,512,512,512
655,512,512,512,512,512,512,512,512,512,512,512,512,512,512,512
656,512,512,512,512,512,512,512,512,512,512,512,512,512,512,512
657,512,512,512,512,512,512,512,512,512,512,512,512,512,512,512
658,512,512,512,512,512,512,512,512,512,512,512,512,512,512,512
659,512,512,512,512,512,512,512,512,512,512,512,512,512,512,512
660,512,512,512,512,512,512,512,512,512,512,512,512,512,512,512
661,512,512,512,512,512,512,512,512,512,512,512,512,512,512,512
662,512,512,512,512,512,512,512,512,512,512,512,512,512,512,512
663,512,512,512,512,512,512,512,512,512,512,512,512,512,512,512
664,512,512,512,512,512,512,512,512,512,512,512,512,512,512,512
665,512,512,512,512,512,512,512,512,512,512,512,512,512,512,512
666,668,668,668,668,668,668,668,668,668,668,668,668,668,668,668
667,668,668,668,668,668,668,668,668,668,668,668,668,668,668,668
668,668,668,668,668,668,668,668,668,668,668,668,668,668,668,668
669,668,668,668,668,668,668,668,668,668,668,668,668,668,668,668
670,668,668,668,668,668,668,668,668,668,668,668,668,668,668,668
671,668,668,668,668,668,668,668,668,668,668,668,668,668,668,668
672,668,668,668,668,668,668,668,668,668,668,668,668,668,668,668
673,668,668,668,668,668,668,668,668,668,668,668,668,668,668,668
674,668,668,668,668,668,668,668,668,668,668,668,668,668,668,668
675,668,668,668,668,668,668,668,668,668,668,668,668,668,668,668
676,668,668,668,668,668,668,668,668,668,668,668,668,668,668,668
677,668,668,668,668,668,668,668,668,668,668,668,668,668,668,668
678,668,668,668,668,668,668,668,668,668,668,668,668,668,668,668
679,668,668,668,668,668,668,668,668,668,668,668,668,668,668,668
680,668,668,668,668,668,668,668,668,668,668,668,668,668,668,668
681,668,668,668,668,668,668,668,668,668,668,668,668,668,668,668
682,668,668,668,668,668,668,668,668,668,668,668,668,668,668,668
683,668,668,668,668,668,668,668,668,668,668,668,668,668,668,668
684,668,668,668,668,668,668,668,668,668,668,668,668,668,668,668
685,668,668,668,668,668,668,668,668,668,668,668,668,668,668,668
686,668,668,668,668,668,668,668,668,668,668,668,668,668,668,668
687,668,668,668,668,668,668,668,668,668,668,668,668,668,668,668
688,668,668,668,668,668,668,668,668,668,668,668,668,668,668,668
689,668,668,668,668,668,668,668,668,668,668,668,668,668,668,668
690,668,668,668,668,668,668,668,668,668,668,668,668,668,668,668
691,668,668,668,668,668,668,668,668,668,668,668,668,668,668,668
692,668,668,668,668,668,668,668,668,668,668,668,668,668,668,668
693,668,668,668,668,668,668,668,668,668,668,668,668,668,668,668
694,668,668,668,668,668,668,668,668,668,668,668,668,668,668,668
695,668,668,668,668,668,668,668,668,668,668,668,668,668,668,668
696,668,668,668,668,668,668,668,668,668,668,668,668,668,668,668
697,668,668,668,668,668,668,668,668,668,668,668,668,668,668,668
698,700,700,700,700,700,700,700,700,700,700,700,700,700,700,700
699,700,700,700,700,700,700,700,700,700,700,700,700,700,700,700
700,700,700,700,700,700,700,700,700,700,700,700,700,700,700,700
701,700,700,700,700,700,700,700,700,700,700,700,700,700,700,700
702,700,700,700,700,700,700,700,700,700,700,700,700,700,700,700
703,700,700,700,700,700,700,700,700,700,700,700,700,700,700,700
704,700,700,700,700,700,700,700,700,700,700,700,700,700,700,700
705,700,700,700,700,700,700,700,700,700,700,700,700,700,700,700
706,700,700,700,700,700,700,700,700,700,700,700,700,700,700,700
707,700,700,700,700,700,700,700,700,700,700,700,700,700,700,700
708,700,700,700,700,700,700,700,700,700,700,700,700,700,700,700
709,700,700,700,700,700,700,700,700,700,700,700,700,700,700,700
710,700,700,700,700,700,700,700,700,700,700,700,700,700,700,700
711,700,700,700,700,700,700,700,700,700,700,700,700,700,700,700
712,700,700,700,700,700,700,700,700,700,700,700,700,700,700,700
713,700,700,700,700,700,700,700,700,700,700,700,700,700,700,700
714,700,700,700,700,700,700,700,700,700,700,700,700,700,700,700
715,700,700,700,700,700,700,700,700,700,700,700,700,700,700,700
716,700,700,700,700,700,700,700,700,700,700,700,700,700,700,700
717,700,700,700,700,700,700,700,700,700,700,700,700,700,700,700
718,700,700,700,700,700,700,700,700,700,700,700,700,700,700,700
719,700,700,700,700,700,700,700,700,700,700,700,700,700,700,700
720,700,700,700,700,700,700,700,700,700,700,700,700,700,700,700
721,700,700,700,700,700,700,700,700,700,700,700,700,700,700,700
722,700,700,700,700,700,700,700,700,700,700,700,700,700,700,700
723,700,700,700,700,700,700,700,700,700,700,700,700,700,700,700
724,700,700,700,700,700,700,700,700,700,700,700,700,700,700,700
725,700,700,700,700,700,700,700,700,700,700,700,700,700,700,700
726,700,700,700,700,700,700,700,700,700,700,700,700,700,700,700
727,700,700,700,700,700,700,700,700,700,700,700,700,700,700,700
728,700,700,700,700,700,700,700,700,700,700,700,700,700,700,700
729,668,668,668,668,668,668,668,668,668,668,668,668,668,668,668
730,668,668,668,668,668,668,668,668,668,668,668,668,668,668,668
731,668,668,668,668,668,668,668,668,668,668,668,668,668,668,668
732,668,668,668,668,668,668,668,668,668,668,668,668,668,668,668
733,668,668,668,668,668,668,668,668,668,668,668,668,668,668,668
734,668,668,668,668,668,668,668,668,668,668,668,668,668,668,668
735,668,668,668,668,668,668,668,668,668,668,668,668,668,668,668
736,668,668,668,668,668,668,668,668,668,668,668,668,668,668,668
737,668,668,668,668,668,668,668,668,668,668,668,668,668,668,668
738,668,668,668,668,668,668,668,668,668,668,668,668,668,668,668
739,668,668,668,668,668,668,668,668,668,668,668,668,668,668,668
740,668,668,668,668,668,668,668,668,668,668,668,668,668,668,668
741,668,668,668,668,668,668,668,668,668,668,668,668,668,668,668
742,668,668,668,668,668,668,668,668,668,668,668,668,668,668,668
743,668,668,668,668,668,668,668,668,668,668,668,668,668,668,668
744,668,668,668,668,668,668,668,668,668,668,668,668,668,668,668
745,668,668,668,668,668,668,668,668,668,668,668,668,668,668,668
746,668,668,668,668,668,668,668,668,668,668,668,668,668,668,668
747,668,668,668,668,668,668,668,668,668,668,668,668,668,668,668
748,668,668,668,668,668,668,668,668,668,668,668,668,668,668,668
749,668,668,668,668,668,668,668,668,668,668,668,668,668,668,668
750,668,668,668,668,668,668,668,668,668,668,668,668,668,668,668
751,668,668,668,668,668,668,668,668,668,668,668,668,668,668,668
752,668,668,668,668,668,668,668,668,668,668,668,668,668,668,668
753,668,668,668,668,668,668,668,668,668,668,668,668,668,668,668
754,668,668,668,668,668,668,668,668,668,668,668,668,668,668,668
755,668,668,668,668,668,668,668,668,668,668,668,668,668,668,668
756,668,668,668,668,668,668,668,668,668,668,668,668,668,668,668
757,668,668,668,668,668,668,668,668,668,668,668,668,668,668,668
758,668,668,668,668,668,668,668,668,668,668,668,668,668,668,668
759,668,668,668,668,668,668,668,668,668,668,668,668,668,668,668
760,668,668,668,668,668,668,668,668,668,668,668,668,668,668,668
761,668,668,668,668,668,668,668,668,668,668,668,668,668,668,668
762,668,668,668,668,668,668,668,668,668,668,668,668,668,668,668
763,668,668,668,668,668,668,668,668,668,668,668,668,668,668,668
764,668,668,668,668,668,668,668,668,668,668,668,668,668,668,668
765,668,668,668,668,668,668,668,668,668,668,668,668,668,668,668
766,668,668,668,668,668,668,668,668,668,668,668,668,668,668,668
767,668,668,668,668,668,668,668,668,668,668,668,668,668,668,668
768,668,668,668,668,668,668,668,668,668,668,668,668,668,668,668
769,668,668,668,668,668,668,668,668,668,668,668,668,668,668,668
770,668,668,668,668,668,668,668,668,668,668,668,668,668,668,668
771,668,668,668,668,668,668,668,668,668,668,668,668,668,668,668
772,668,668,668,668,668,668,668,668,668,668,668,668,668,668,668
773,668,668,668,668,668,668,668,668,668,668,668,668,668,668,668
774,668,668,668,668,668,668,668,668,668,668,668,668,668,668,668
775,668,668,668,668,668,668,668,668,668,668,668,668,668,668,668
776,668,668,668,668,668,668,668,668,668,668,668,668,668,668,668
777,668,668,668,668,668,668,668,668,668,668,668,668,668,668,668
778,668,668,668,668,668,668,668,668,668,668,668,668,668,668,668
779,668,668,668,668,668,668,668,668,668,668,668,668,668,668,668
780,668,668,668,668,668,668,668,668,668,668,668,668,668,668,668
781,668,668,668,668,668,668,668,668,668,668,668,668,668,668,668
782,668,668,668,668,668,668,668,668,668,668,668,668,668,668,668
783,668,668,668,668,668,668,668,668,668,668,668,668,668,668,668
784,668,668,668,668,668,668,668,668,668,668,668,668,668,668,668
785,668,668,668,668,668,668,668,668,668,668,668,668,668,668,668
786,668,668,668,668,668,668,668,668,668,668,668,668,668,668,668
787,668,668,668,668,668,668,668,668,668,668,668,668,668,668,668
788,668,668,668,668,668,668,668,668,668,668,668,668,668,668,668
789,668,668,668,668,668,668,668,668,668,668,668,668,668,668,668
790,668,668,668,668,668,668,668,668,668,668,668,668,668,668,668
791,668,668,668,668,668,668,668,668,668,668,668,668,668,668,668
792,668,668,668,668,668,668,668,668,668,668,668,668,668,668,668
793,668,668,668,668,668,668,668,668,668,668,668,668,668,668,668
794,668,668,668,668,668,668,668,668,668,668,668,668,668,668,668
795,668,668,668,668,668,668,668,668,668,668,668,668,668,668,668
796,668,668,668,668,668,668,668,668,668,668,668,668,668,668,668
797,668,668,668,668,668,668,668,668,668,668,668,668,668,668,668
798,668,668,668,668,668,668,668,668,668,668,668,668,668,668,668
799,13500,13500,13500,13500,13500,13500,13500,13500,13500,13500,13500,13500,13500,13500,13500
800,13500,13500,13500,13500,13500,13500,13500,13500,13500,13500,13500,13500,13500,13500,13500
801,13500,13500,13500,13500,13500,13500,13500,13500,13500,13500,13500,13500,13500,13500,13500
802,13500,13500,13500,13500,13500,13500,13500,13500,13500,13500,13500,13500,13500,13500,13500
803,13500,13500,13500,13500,13500,13500,13500,13500,13500,13500,13500,13500,13500,13500,13500
804,13500,13500,13500,13500,13500,13500,13500,13500,13500,13500,13500,13500,13500,13500,13500
805,13500,13500,13500,13500,13500,13500,13500,13500,13500,13500,13500,13500,13500,13500,13500
806,13500,13500,13500,13500,13500,13500,13500,13500,13500,13500,13500,13500,13500,13500,13500
807,13500,13500,13500,13500,13500,13500,13500,13500,13500,13500,13500,13500,13500,13500,13500
808,13500,13500,13500,13500,13500,13500,13500,13500,13500,13500,13500,13500,13500,13500,13500
809,13500,13500,13500,13500,13500,13500,13500,13500,13500,13500,13500,13500,13500,13500,13500
810,13500,13500,13500,13500,13500,13500,13500,13500,13500,13500,13500,13500,13500,13500,13500
811,13500,13500,13500,13500,13500,13500,13500,13500,13500,13500,13500,13500,13500,13500,13500
812,13500,13500,13500,13500,13500,13500,13500,13500,13500,13500,13500,13500,13500,13500,13500
813,13500,13500,13500,13500,13500,13500,13500,13500,13500,13500,13500,13500,13500,13500,13500
814,13500,13500,13500,13500,13500,13500,13500,13500,13500,13500,13500,13500,13500,13500,13500
815,13500,13500,13500,13500,13500,13500,13500,13500,13500,13500,13500,13500,13500,13500,13500
816,13500,13500,13500,13500,13500,13500,13500,13500,13500,13500,13500,13500,13500,13500,13500
817,13500,13500,13500,13500,13500,13500,13500,13500,13500,13500,13500,13500,13500,13500,13500
818,13500,13500,13500,13500,13500,13500,13500,13500,13500,13500,13500,13500,13500,13500,13500
819,13500,13500,13500,13500,13500,13500,13500,13500,13500,13500,13500,13500,13500,13500,13500
820,13500,13500,13500,13500,13500,13500,13500,13500,13500,13500,13500,13500,13500,13500,13500
821,13500,13500,13500,13500,13500,13500,13500,13500,13500,13500,13500,13500,13500,13500,13500
822,13500,13500,13500,13500,13500,13500,13500,13500,13500,13500,13500,13500,13500,13500,13500
823,13500,13500,13500,13500,13500,13500,13500,13500,13500,13500,13500,13500,13500,13500,13500
824,13500,13500,13500,13500,13500,13500,13500,13500,13500,13500,13500,13500,13500,13500,13500
825,13500,13500,13500,13500,13500,13500,13500,13500,13500,13500,13500,13500,13500,13500,13500
826,13500,13500,13500,13500,13500,13500,13500,13500,13500,13500,13500,13500,13500,13500,13500
827,13500,13500,13500,13500,13500,13500,13500,13500,13500,13500,13500,13500,13500,13500,13500
828,668,668,668,668,668,668,668,668,668,668,668,668,668,668,668
829,668,668,668,668,668,668,668,668,668,668,668,668,668,668,668
830,668,668,668,668,668,668,668,668,668,668,668,668,668,668,668
831,668,668,668,668,668,668,668,668,668,668,668,668,668,668,668
832,668,668,668,668,668,668,668,668,668,668,668,668,668,668,668
833,668,668,668,668,668,668,668,668,668,668,668,668,668,800,668
834,668,668,668,668,668,668,668,668,668,668,668,668,668,800,668
835,668,668,668,668,668,668,668,668,668,668,668,668,668,800,668
836,668,668,668,668,668,668,668,668,668,668,668,668,668,800,668
837,668,668,668,668,668,668,668,668,668,668,668,668,668,800,668
838,668,668,668,668,668,668,668,668,668,668,668,668,668,800,668
839,668,668,668,668,668,668,668,668,668,668,668,668,668,800,668
840,668,668,668,668,668,668,668,668,668,668,668,668,668,800,668
841,668,668,668,668,668,668,668,668,668,668,668,668,668,800,668
842,668,668,668,668,668,668,668,668,668,668,668,668,668,800,668
843,668,668,668,668,668,668,668,668,668,668,668,668,668,800,668
844,668,668,668,668,668,668,668,668,668,668,668,668,668,800,668
845,668,668,668,668,668,668,668,668,668,668,668,668,668,800,668
846,668,668,668,668,668,668,668,668,668,668,668,668,668,800,668
847,668,668,668,668,668,668,668,668,668,668,668,668,668,800,668
848,668,668,668,668,668,668,668,668,668,668,668,668,668,800,668
849,668,668,668,668,668,668,668,668,668,668,668,668,668,800,668
850,668,668,668,668,668,668,668,668,668,668,668,668,668,800,668
851,668,668,668,668,668,668,668,668,668,668,668,668,668,800,668
852,668,668,668,668,668,668,668,668,668,668,668,668,668,800,668
853,668,668,668,668,668,668,668,668,668,668,668,668,668,800,668
854,668,668,668,668,668,668,668,668,668,668,668,668,668,800,668
855,668,668,668,668,668,668,668,668,668,668,668,668,668,800,668
856,668,668,668,668,668,668,668,668,668,668,668,668,668,800,668
857,668,668,668,668,668,668,668,668,668,668,668,668,668,800,668
858,668,668,668,668,668,668,668,668,668,668,668,668,668,800,668
859,668,668,668,668,668,668,668,668,668,668,668,668,668,800,668
860,668,668,668,668,668,668,668,668,668,668,668,668,668,800,668
861,668,668,668,668,668,668,668,668,668,668,668,668,668,800,668
862,668,668,668,668,668,668,668,668,668,668,668,668,668,800,668
863,13500,13500,13500,13500,13500,13500,13500,13500,13500,13500,13500,13500,13500,800,13500
864,13500,13500,13500,13500,13500,13500,13500,13500,13500,13500,13500,13500,13500,800,13500
865,13500,13500,13500,13500,13500,13500,13500,13500,13500,13500,13500,13500,13500,800,13500
866,13500,13500,13500,13500,13500,13500,13500,13500,13500,13500,13500,13500,13500,800,13500
867,13500,13500,13500,13500,13500,13500,13500,13500,13500,13500,13500,13500,13500,800,13500
868,13500,13500,13500,13500,13500,13500,13500,13500,13500,13500,13500,13500,13500,800,13500
869,13500,13500,13500,13500,13500,13500,13500,13500,13500,13500,13500,13500,13500,800,13500
870,13500,13500,13500,13500,13500,13500,13500,13500,13500,13500,13500,13500,13500,800,13500
871,13500,13500,13500,13500,13500,13500,13500,13500,13500,13500,13500,13500,13500,800,13500
872,13500,13500,13500,13500,13500,13500,13500,13500,13500,13500,13500,13500,13500,800,13500
873,13500,13500,13500,13500,13500,13500,13500,13500,13500,13500,13500,13500,13500,800,13500
874,13500,13500,13500,13500,13500,13500,13500,13500,13500,13500,13500,13500,13500,800,13500
875,13500,13500,13500,13500,13500,13500,13500,13500,13500,13500,13500,13500,13500,13500,13500
876,13500,13500,13500,13500,13500,13500,13500,13500,13500,13500,13500,13500,13500,13500,13500
877,13500,13500,13500,13500,13500,13500,13500,13500,13500,13500,13500,13500,13500,13500,13500
878,13500,13500,13500,13500,13500,13500,13500,13500,13500,13500,13500,13500,13500,13500,13500
879,13500,13500,13500,13500,13500,13500,13500,13500,13500,13500,13500,13500,13500,13500,13500
880,13500,13500,13500,13500,13500,13500,13500,13500,13500,13500,13500,13500,13500,13500,13500
881,13500,13500,13500,13500,13500,13500,13500,13500,13500,13500,13500,13500,13500,13500,13500
882,13500,13500,13500,13500,13500,13500,13500,13500,13500,13500,13500,13500,13500,13500,13500
883,13500,13500,13500,13500,13500,13500,13500,13500,13500,13500,13500,13500,13500,13500,13500
884,13500,13500,13500,13500,13500,13500,13500,13500,13500,13500,13500,13500,13500,13500,13500
885,13500,13500,13500,13500,13500,13500,13500,13500,13500,13500,13500,13500,13500,13500,13500
886,13500,13500,13500,13500,13500,13500,13500,13500,13500,13500,13500,13500,13500,13500,13500
887,13500,13500,13500,13500,13500,13500,13500,13500,13500,13500,13500,13500,13500,13500,13500
888,13500,13500,13500,13500,13500,13500,13500,13500,13500,13500,13500,13500,13500,13500,13500
889,13500,13500,13500,13500,13500,13500,13500,13500,13500,13500,13500,13500,13500,13500,13500
890,13500,13500,13500,13500,13500,13500,13500,13500,13500,13500,13500,13500,13500,13500,13500
891,13500,13500,13500,13500,13500,13500,13500,13500,13500,13500,13500,13500,13500,13500,13500
892,13500,13500,13500,13500,13500,13500,13500,13500,13500,13500,13500,13500,13500,13500,13500
893,13500,13500,13500,13500,13500,13500,13500,13500,13500,13500,13500,13500,13500,13500,13500
894,13500,13500,13500,13500,13500,13500,13500,13500,13500,13500,13500,13500,13500,13500,13500
895,13500,13500,13500,13500,13500,13500,13500,13500,13500,13500,13500,13500,13500,13500,13500
896,13500,13500,13500,13500,13500,13500,13500,13500,13500,13500,13500,13500,13500,13500,13500
897,13500,13500,13500,13500,13500,13500,13500,13500,13500,13500,13500,13500,13500,13500,13500
898,13500,13500,13500,13500,13500,13500,13500,13500,13500,13500,13500,13500,13500,13500,13500
899,13500,13500,13500,13500,13500,13500,13500,13500,13500,13500,13500,13500,13500,13500,13500
900,13500,13500,13500,13500,13500,13500,13500,13500,13500,13500,13500,13500,13500,13500,13500
901,13500,13500,13500,13500,13500,13500,13500,13500,13500,13500,13500,13500,13500,13500,13500
902,13500,13500,13500,13500,13500,13500,13500,13500,13500,13500,13500,13500,13500,13500,13500
903,13500,13500,13500,13500,13500,13500,13500,13500,13500,13500,13500,13500,13500,13500,13500
904,13500,13500,13500,13500,13500,13500,13500,13500,13500,13500,13500,13500,13500,13500,13500
905,13500,13500,13500,13500,13500,13500,13500,13500,13500,13500,13500,13500,13500,13500,13500
906,13500,13500,13500,13500,13500,13500,13500,13500,13500,13500,13500,13500,13500,13500,13500
907,13500,13500,13500,13500,13500,13500,13500,13500,13500,13500,13500,13500,13500,13500,13500
908,13500,13500,13500,13500,13500,13500,13500,13500,13500,13500,13500,13500,13500,13500,13500
909,13500,13500,13500,13500,13500,13500,13500,13500,13500,13500,13500,13500,13500,13500,13500
910,13500,13500,13500,13500,13500,13500,13500,13500,13500,13500,13500,13500,13500,13500,13500
911,13500,13500,13500,13500,13500,13500,13500,13500,13500,13500,13500,13500,13500,13500,13500
912,13500,13500,13500,13500,13500,13500,13500,13500,13500,13500,13500,13500,13500,13500,13500
913,13500,13500,13500,13500,13500,13500,13500,13500,13500,13500,13500,13500,13500,13500,13500
914,13500,13500,13500,13500,13500,13500,13500,13500,13500,13500,13500,13500,13500,13500,13500
915,100,100,100,100,100,100,100,100,100,100,100,100,100,100,100
916,5,5,5,5,5,5,5,5,5,5,5,5,5,5,5
917,8,8,8,8,8,8,8,8,8,8,8,8,8,8,8
918,100,100,100,100,100,100,100,100,100,100,100,100,100,100,100
919,5,5,5,5,5,5,5,5,5,5,5,5,5,5,5
920,8,8,8,8,8,8,8,8,8,8,8,8,8,8,8
921,100,100,100,100,100,100,100,100,100,100,100,100,100,100,100
922,5,5,5,5,5,5,5,5,5,5,5,5,5,5,5
923,8,8,8,8,8,8,8,8,8,8,8,8,8,8,8
924,100,100,100,100,100,100,100,100,100,100,100,100,100,100,100
925,5,5,5,5,5,5,5,5,5,5,5,5,5,5,5
926,8,8,8,8,8,8,8,8,8,8,8,8,8,8,8
927,100,100,100,100,100,100,100,100,100,100,100,100,100,100,100
928,5,5,5,5,5,5,5,5,5,5,5,5,5,5,5
929,8,8,8,8,8,8,8,8,8,8,8,8,8,8,8
930,100,100,100,100,100,100,100,100,100,100,100,100,100,100,100
931,5,5,5,5,5,5,5,5,5,5,5,5,5,5,5
932,8,8,8,8,8,8,8,8,8,8,8,8,8,8,8
933,100,100,100,100,100,100,100,100,100,100,100,100,100,100,100
934,5,5,5,5,5,5,5,5,5,5,5,5,5,5,5
935,8,8,8,8,8,8,8,8,8,8,8,8,8,8,8
936,100,100,100,100,100,100,100,100,100,100,100,100,100,100,100
937,5,5,5,5,5,5,5,5,5,5,5,5,5,5,5
938,8,8,8,8,8,8,8,8,8,8,8,8,8,8,8
939,100,100,100,100,100,100,100,100,100,100,100,100,100,100,100
940,5,5,5,5,5,5,5,5,5,5,5,5,5,5,5
941,8,8,8,8,8,8,8,8,8,8,8,8,8,8,8
942,100,100,100,100,100,100,100,100,100,100,100,100,100,100,100
943,5,5,5,5,5,5,5,5,5,5,5,5,5,5,5
944,8,8,8,8,8,8,8,8,8,8,8,8,8,8,8
945,100,100,100,100,100,100,100,100,100,100,100,100,100,5,100
946,5,5,5,5,5,5,5,5,5,5,5,5,5,5,5
947,8,8,8,8,8,8,8,8,8,8,8,8,8,5,8
948,100,100,100,100,100,100,100,100,100,100,100,100,100,5,100
949,5,5,5,5,5,5,5,5,5,5,5,5,5,5,5
950,8,8,8,8,8,8,8,8,8,8,8,8,8,5,8
951,100,100,100,100,100,100,100,100,100,100,100,100,100,5,100
952,5,5,5,5,5,5,5,5,5,5,5,5,5,5,5
953,8,8,8,8,8,8,8,8,8,8,8,8,8,5,8
954,100,100,100,100,100,100,100,100,100,100,100,100,100,5,100
955,5,5,5,5,5,5,5,5,5,5,5,5,5,5,5
956,8,8,8,8,8,8,8,8,8,8,8,8,8,5,8
957,100,100,100,100,100,100,100,100,100,100,100,100,100,5,100
958,5,5,5,5,5,5,5,5,5,5,5,5,5,5,5
959,8,8,8,8,8,8,8,8,8,8,8,8,8,5,8
960,100,100,100,100,100,100,100,100,100,100,100,100,100,5,100
961,5,5,5,5,5,5,5,5,5,5,5,5,5,5,5
962,8,8,8,8,8,8,8,8,8,8,8,8,8,5,8
963,100,100,100,100,100,100,100,100,100,100,100,100,100,5,100
964,5,5,5,5,5,5,5,5,5,5,5,5,5,5,5
965,8,8,8,8,8,8,8,8,8,8,8,8,8,8,8
966,100,100,100,100,100,100,100,100,100,100,100,100,100,100,100
967,5,5,5,5,5,5,5,5,5,5,5,5,5,5,5
968,8,8,8,8,8,8,8,8,8,8,8,8,8,8,8
969,100,100,100,100,100,100,100,100,100,100,100,100,100,100,100
970,5,5,5,5,5,5,5,5,5,5,5,5,5,5,5
971,8,8,8,8,8,8,8,8,8,8,8,8,8,8,8
972,100,100,100,100,100,100,100,100,100,100,100,100,100,100,100
973,5,5,5,5,5,5,5,5,5,5,5,5,5,5,5
974,8,8,8,8,8,8,8,8,8,8,8,8,8,8,8
975,100,100,100,100,100,100,100,100,100,100,100,100,100,100,100
976,5,5,5,5,5,5,5,5,5,5,5,5,5,5,5
977,8,8,8,8,8,8,8,8,8,8,8,8,8,8,8
978,100,100,100,100,100,100,100,100,100,100,100,100,100,100,100
979,5,5,5,5,5,5,5,5,5,5,5,5,5,5,5
980,8,8,8,8,8,8,8,8,8,8,8,8,8,8,8
981,100,100,100,100,100,100,100,100,100,100,100,100,100,100,100
982,5,5,5,5,5,5,5,5,5,5,5,5,5,5,5
983,8,8,8,8,8,8,8,8,8,8,8,8,8,8,8
984,100,100,100,100,100,100,100,100,100,100,100,100,100,100,100
985,5,5,5,5,5,5,5,5,5,5,5,5,5,5,5
986,8,8,8,8,8,8,8,8,8,8,8,8,8,8,8
987,100,100,100,100,100,100,100,100,100,100,100,100,100,100,100
988,5,5,5,5,5,5,5,5,5,5,5,5,5,5,5
989,8,8,8,8,8,8,8,8,8,8,8,8,8,8,8
990,100,100,100,100,100,100,100,100,100,100,100,100,100,100,100
991,5,5,5,5,5,5,5,5,5,5,5,5,5,5,5
992,8,8,8,8,8,8,8,8,8,8,8,8,8,8,8
993,100,100,100,100,100,100,100,100,100,100,100,100,100,100,100
994,5,5,5,5,5,5,5,5,5,5,5,5,5,5,5
995,8,8,8,8,8,8,8,8,8,8,8,8,8,8,8
996,100,100,100,100,100,100,100,100,100,100,100,100,100,100,100
997,100,100,100,100,100,100,100,100,100,100,100,100,100,100,100
998,100,100,100,100,100,100,100,100,100,100,100,100,100,100,100
999,100,100,100,100,100,100,100,100,100,100,100,100,100,100,100
1000,100,100,100,100,100,100,100,100,100,100,100,100,100,100,100
